{
  "train_loss": [
    0.18973891970527373,
    0.05187532414024069,
    0.0309740518786556
  ],
  "train_acc": [
    0.924310304173544,
    0.9790143834001415,
    0.9893892949775996
  ],
  "val_loss": [
    0.0005621822320882822,
    0.00021556252225826285,
    0.0003057990421351027
  ],
  "val_acc": [
    1.0,
    1.0,
    1.0
  ]
}